Investor,Enterprise Tech,Total,Industrials,Media & Entertainment,Healthcare & Life Sciences,Financial Services,Consumer & Retail,Insurance,Health
TDR Capital,1,1,0,0,0,0,0,0,0
Wincove,1,1,0,0,0,0,0,0,0
Vista Equity Partners,1,3,2,0,0,0,0,0,0
Insight Partners,26,52,3,8,3,8,2,2,0
Andalusian Capital Partners,0,1,0,1,0,0,0,0,0
Kerala Ventures,0,1,0,0,1,0,0,0,0
Accel,27,65,6,6,4,10,10,2,0
BPI France,0,1,0,0,1,0,0,0,0
Legend Capital,1,5,2,0,1,0,1,0,0
LTW Capital,0,1,1,0,0,0,0,0,0
Qualcomm Ventures,4,13,3,1,1,1,3,0,0
Tiger Global Management,17,56,4,2,2,16,15,0,0
Lightspeed Venture Partners,23,40,0,4,2,6,4,1,0
Hillhouse Capital Management,2,9,4,0,1,0,2,0,0
Longfor Capitalm,0,1,0,0,0,0,1,0,0
Gaorong Capital,0,3,1,0,0,0,2,0,0
Sequoia Capital China,9,44,6,4,4,4,17,0,0
MidOcean Partners,0,1,0,0,0,0,1,0,0
GCP Capital Partners,0,1,0,0,0,1,0,0,0
Founders Fund,4,21,6,1,5,3,1,1,0
Meritech Capital Partners,3,6,0,1,0,0,0,2,0
GS Growth,1,6,0,1,0,2,1,1,0
Andreessen Horowitz,31,69,6,10,7,9,5,1,0
Coinbase Ventures,4,9,0,0,0,5,0,0,0
Circle Ventures,1,2,0,0,0,1,0,0,0
General Catalyst,13,40,4,1,8,8,6,0,0
Khosla Ventures,8,23,1,0,4,5,4,1,0
Bessemer Venture Partners,16,32,5,2,0,4,5,0,0
New Era Ventures,1,1,0,0,0,0,0,0,0
Bain & Company,1,1,0,0,0,0,0,0,0
Tomales Bay Capital,1,1,0,0,0,0,0,0,0
Benchmark,6,12,0,4,1,1,0,0,0
TPG Capital,1,2,0,1,0,0,0,0,0
Sequoia Capital,25,54,6,5,5,5,7,1,0
Greylock Partners,11,16,1,1,1,1,1,0,0
Pantera Capital,2,5,0,0,0,3,0,0,0
Jump Capital,1,6,0,0,0,5,0,0,0
Metaplanet,0,1,1,0,0,0,0,0,0
Maersk Growth,0,2,2,0,0,0,0,0,0
BMW i Ventures,0,5,5,0,0,0,0,0,0
Sequoia Capital India,4,24,3,2,1,8,6,0,0
SoftBank Group,5,35,8,4,3,7,7,1,0
Lightspeed India Partners,2,4,0,0,0,0,2,0,0
InnoVentures Capital Partners,0,1,0,0,1,0,0,0,0
Elevation Capital,0,3,0,1,0,1,1,0,0
VY Capital,1,4,1,0,0,1,1,0,0
Social Capital,2,2,0,0,0,0,0,0,0
DST Global,2,20,2,0,0,9,7,0,0
Left Lane Capital,0,5,0,0,0,4,1,0,0
QED Investors,2,8,0,0,0,5,0,1,0
Index Ventures,18,36,3,4,3,6,2,0,0
CRE Venture Capital,1,2,0,0,0,1,0,0,0
Spark Capital,5,13,1,1,1,3,2,0,0
Google Ventures,15,29,5,0,3,2,3,1,0
True Ventures,2,2,0,0,0,0,0,0,0
Kleiner Perkins Caufield & Byers,12,20,0,4,2,2,0,0,0
Four Rivers Group,0,1,0,0,1,0,0,0,0
DAG Ventures,0,1,0,0,1,0,0,0,0
Foundation Capital,6,9,1,0,0,2,0,0,0
AltaIR Capital,2,3,0,1,0,0,0,0,0
Frontier Ventures,1,1,0,0,0,0,0,0,0
Bond Capital,1,1,0,0,0,0,0,0,0
China Capital Investment Group,0,1,0,0,0,0,1,0,0
Xingwang Investment Management,0,2,0,1,0,0,1,0,0
Matrix Partners China,2,11,1,0,0,2,6,0,0
IDG Capital,7,27,7,3,0,4,6,0,0
ZhenFund,0,7,1,2,0,1,3,0,0
JD,0,1,0,1,0,0,0,0,0
com,0,3,0,1,0,0,2,0,0
Baidu,0,5,0,2,0,1,2,0,0
Vision Plus Capital,0,3,0,1,0,2,0,0,0
CRV,11,16,1,1,2,0,1,0,0
Menlo Ventures,5,12,1,0,1,4,1,0,0
L Catterton,0,1,1,0,0,0,0,0,0
Trellis Partners,0,1,1,0,0,0,0,0,0
Sierra Ventures,2,5,0,1,1,0,1,0,0
Norwest Venture Partners,6,17,1,1,0,1,8,0,0
Lightspeed Venture Capital,0,1,0,0,0,0,1,0,0
Uniion Square Ventures,0,1,0,0,0,0,1,0,0
HTX Ventures,0,1,0,0,0,1,0,0,0
Electric Capital,1,2,0,0,0,1,0,0,0
Zeal Capital Partners,0,1,0,0,0,1,0,0,0
Next Play Ventures,0,1,0,0,0,1,0,0,0
Aleph,2,5,0,1,0,1,1,0,0
Temasek,1,10,2,2,1,2,2,0,0
Innovation Endeavors,1,3,1,0,0,0,1,0,0
D1 Capita Partners,0,1,0,0,0,0,1,0,0
Greenoaks Capital Management,1,2,0,0,0,0,1,0,0
Silversmith Capital Partners,3,5,0,1,1,0,0,0,0
Bain Capital Ventures,9,17,2,0,2,2,2,0,0
Advent International,2,7,1,0,1,0,3,0,0
Hyde Park Venture Partners,2,3,0,0,0,0,1,0,0
FundersClub,1,2,0,0,0,0,1,0,0
New Enterprise Associates,12,26,1,2,4,3,4,0,0
Nexus Venture Partners,6,9,1,0,0,0,2,0,0
Mercury Fund,0,1,0,0,0,0,1,0,0
Moonshots Capital,0,2,0,0,0,0,2,0,0
Bearing Ventures,0,1,0,0,0,0,1,0,0
Shunwei Capital Partners,2,8,3,0,0,2,1,0,0
Qualgro,1,1,0,0,0,0,0,0,0
Atomico,4,8,1,1,2,0,0,0,0
Earlybird Venture Capital,2,3,0,0,0,1,0,0,0
Institutional Venture Partners,8,13,1,2,0,1,1,0,0
TPG Growth,2,3,0,0,1,0,0,0,0
Goldman Sachs,5,15,1,2,1,3,3,0,0
Providence Ventures,0,1,0,0,1,0,0,0,0
Venrock,2,10,1,1,4,1,1,0,0
Thrive Capital,3,17,0,2,8,1,3,0,0
Prosus Ventures,0,5,1,0,1,0,3,0,0
BlackRock,4,11,2,0,0,3,2,0,0
Dragoneer Investment Group,0,3,0,0,1,2,0,0,0
T. Rowe Price,2,7,2,0,2,1,0,0,0
Genesis Partners,1,2,0,1,0,0,0,0,0
Battery Ventures,11,20,2,1,1,1,3,1,0
Opus Capital,2,2,0,0,0,0,0,0,0
Connect Ventures,0,1,0,0,0,1,0,0,0
Northzone Ventures,0,5,2,0,1,2,0,0,0
Anthemis,0,1,0,0,0,1,0,0,0
Hyde Park Angels,1,1,0,0,0,0,0,0,0
GGV Capital,8,15,1,1,0,0,5,0,0
Qiming Venture Partners,3,15,2,1,6,2,1,0,0
UNITY VENTURES,1,1,0,0,0,0,0,0,0
Craft Ventures,4,7,1,0,0,1,0,1,0
Redpoint Ventures,8,13,1,1,0,1,2,0,0
Bridgescale Partners,0,1,0,0,0,1,0,0,0
CVC Capital Partners,0,2,0,0,1,1,0,0,0
OLX Group,0,1,0,0,0,0,1,0,0
EXOR Seeds,0,1,0,0,0,0,1,0,0
KCK Group,0,1,0,0,0,0,1,0,0
Visa Ventures,0,1,0,0,0,1,0,0,0
Vertex Ventures SE Asia,0,2,0,0,0,1,1,0,0
Global Founders Capital,1,13,1,1,0,4,6,0,0
QiMing Venture Partners,0,2,0,0,0,0,2,0,0
Temasek Holdings,0,4,0,1,0,0,3,0,0
Silverlink Capital,0,1,0,0,0,0,1,0,0
Sina Weibo,0,2,0,2,0,0,0,0,0
SIG Asia Investments,0,1,0,1,0,0,0,0,0
Greyhound Capital,0,2,0,0,0,2,0,0,0
Endeavor,2,6,0,0,0,4,0,0,0
Lightrock,0,3,1,0,0,2,0,0,0
Jiangsu Sha Steel Group,1,2,1,0,0,0,0,0,0
Essence Financial,1,1,0,0,0,0,0,0,0
Aviation Industry Corporation of China,1,2,0,0,0,0,1,0,0
Matrix Partners India,1,6,2,0,0,2,1,0,0
Falcon Edge Capital,0,3,1,1,0,0,1,0,0
Amplify Partners,2,3,0,1,0,0,0,0,0
General Atlantic,11,31,2,1,2,7,6,2,0
Global Emerging Markets,1,1,0,0,0,0,0,0,0
Sram & Mram Group,1,1,0,0,0,0,0,0,0
Marshland Capital,1,1,0,0,0,0,0,0,0
Xiaomi,0,1,1,0,0,0,0,0,0
Northern Light Venture Capital,1,3,1,1,0,0,0,0,0
FutureX Capital,0,1,1,0,0,0,0,0,0
Merrysunny Wealth,0,1,0,0,0,0,1,0,0
Rich Land Capital,0,1,0,0,0,0,1,0,0
Sinovation Ventures,0,2,1,0,0,0,1,0,0
Tencent Holdings,4,29,4,8,2,2,9,0,0
Dell Technologies Capital,6,6,0,0,0,0,0,0,0
Pitango Venture Capital,4,8,3,0,1,0,0,0,0
Amadeus Capital Partners,2,3,0,0,0,1,0,0,0
Creandum,3,6,0,0,1,2,0,0,0
Tiger Global,0,2,0,0,0,1,1,0,0
RRE Ventures,1,5,0,0,2,2,0,0,0
August Capital,1,2,0,0,0,1,0,0,0
Ant Group,0,2,0,0,0,2,0,0,0
Sinar Mas Indonesia,0,1,0,0,0,1,0,0,0
Lazada,0,1,0,0,0,1,0,0,0
Nyca Partners,0,1,0,0,0,1,0,0,0
Technology Crossover Ventures,2,9,1,0,0,3,3,0,0
Baseline Ventures,1,1,0,0,0,0,0,0,0
Harrison Metal,1,1,0,0,0,0,0,0,0
Threshold Ventures,4,5,0,0,1,0,0,0,0
Venture51,0,1,0,0,0,1,0,0,0
Liquid 2 Ventures,0,1,0,0,0,0,1,0,0
BRV Capital Management,0,2,0,0,0,0,2,0,0
Mendacre,0,1,0,0,0,0,1,0,0
Snowflake Ventures,1,1,0,0,0,0,0,0,0
Sutter Hill Ventures,2,3,1,0,0,0,0,0,0
NewView Capital,1,2,0,0,0,0,1,0,0
S Capital,1,2,0,0,0,1,0,0,0
Peak XV Partners,0,1,1,0,0,0,0,0,0
Aqua-Spark,0,1,1,0,0,0,0,0,0
Wavemaker Partners,1,2,1,0,0,0,0,0,0
Revo Capital,0,1,0,0,0,0,1,0,0
Chiratae Ventures,1,4,0,0,1,0,2,0,0
Trifecta Capital,0,2,0,0,0,0,2,0,0
Foundry Group,3,4,1,0,0,0,0,0,0
Iris Capital,0,2,1,1,0,0,0,0,0
Elaia Partners,0,2,0,1,0,0,1,0,0
Partech Partners,0,3,0,0,0,1,2,0,0
Quadrille Capital,0,1,0,0,0,0,1,0,0
Qatar Holding,0,1,0,0,0,0,1,0,0
Summit Partners,2,6,0,0,1,0,3,0,0
Sapphire Ventures,5,6,0,0,1,0,0,0,0
Mangrove Capital Partners,0,2,0,0,1,1,0,0,0
14W,0,2,0,1,1,0,0,0,0
Max Ventures,0,2,1,0,1,0,0,0,0
Maverick Ventures Israel,0,1,0,0,1,0,0,0,0
Sixth Street Partners,0,2,0,0,2,0,0,0,0
Declaration Partners,0,1,0,0,1,0,0,0,0
Ten Eleven Ventures,3,3,0,0,0,0,0,0,0
KKR,5,10,0,1,1,0,3,0,0
FTV Capital,2,4,0,0,0,1,1,0,0
GAM Holding,1,1,0,0,0,0,0,0,0
Morningside Ventures,0,2,1,0,0,0,1,0,0
CreditEase Fintech Investment Fund,0,1,1,0,0,0,0,0,0
Warburg Pincus,0,10,3,0,1,2,4,0,0
AU21,0,1,0,0,0,1,0,0,0
Future Ventures,0,2,0,0,1,1,0,0,0
Matrix Partners,4,9,1,0,0,1,3,0,0
Google Capital,0,1,0,0,0,0,1,0,0
Hudson Ventures,1,1,0,0,0,0,0,0,0
Tech Pioneers Fund,1,1,0,0,0,0,0,0,0
PSG,1,2,0,0,0,0,1,0,0
Providence Equity Partners,1,2,0,0,0,0,1,0,0
Harmonic Growth Partners,1,1,0,0,0,0,0,0,0
Primary Venture Partners,1,2,0,0,0,1,0,0,0
Glory Ventures,1,2,1,0,0,0,0,0,0
Maniv Mobility,1,1,0,0,0,0,0,0,0
Altos Ventures,1,2,0,0,0,0,1,0,0
Union Square Ventures,1,7,0,2,0,3,1,0,0
Costanoa Ventures,1,2,0,0,0,0,1,0,0
Munich Re Ventures,0,4,1,0,0,0,0,3,0
Lerer Hippeau,1,5,2,0,1,1,0,0,0
Eclipse Ventures,1,3,2,0,0,0,0,0,0
Sparkedge Capital,0,1,1,0,0,0,0,0,0
Guotai Ruichengde Asset Management,0,1,1,0,0,0,0,0,0
Eleation Capital,0,1,1,0,0,0,0,0,0
Avenir Growth Capital,0,1,1,0,0,0,0,0,0
The Carlyle Group,1,4,1,0,0,1,1,0,0
McKesson Ventures,0,1,0,0,1,0,0,0,0
GE Ventures,0,1,0,0,1,0,0,0,0
B Capital Group,0,4,0,0,1,2,1,0,0
D1 Capital Partners,3,6,1,0,0,1,1,0,0
Industry Ventures,1,2,1,0,0,0,0,0,0
Capital Today,0,4,0,0,0,0,4,0,0
Longzhu Capital,0,1,0,0,0,0,1,0,0
Eastern Bell Capital,1,4,0,0,0,0,3,0,0
Y Combinator,13,20,2,0,1,2,2,0,0
Tencent,0,5,0,1,2,1,1,0,0
Vcanbio,0,1,0,0,1,0,0,0,0
Cervin Ventures,0,1,0,0,0,1,0,0,0
LEAP Global Partners,0,1,0,0,0,1,0,0,0
BlueRun Ventures,0,2,1,0,0,1,0,0,0
Lux Capital,4,8,1,1,1,1,0,0,0
Definition Capital,1,1,0,0,0,0,0,0,0
Long Journey Ventures,1,1,0,0,0,0,0,0,0
American Express Ventures,0,4,0,0,0,4,0,0,0
Spectrum Equity,1,2,0,1,0,0,0,0,0
GSR Ventures,1,3,0,0,1,1,0,0,0
Founder H Fund,0,1,0,0,0,0,1,0,0
Richland Equities,0,1,0,0,0,0,1,0,0
U.S.-China Green Fund,0,1,0,0,0,0,1,0,0
Stripe,1,2,0,0,0,1,0,0,0
Kibo Ventures,2,2,0,0,0,0,0,0,0
Alpha Edison,0,1,0,0,0,0,0,1,0
Commerce Ventures,1,5,0,0,0,2,0,2,0
Rothenberg Ventures,0,1,1,0,0,0,0,0,0
Draper Fisher Jurvetson,0,1,1,0,0,0,0,0,0
58,0,2,0,0,0,0,2,0,0
FirstMark Capital,8,10,0,0,0,1,1,0,0
Blackstone,3,11,2,2,1,1,2,0,0
EQT Partners,0,2,0,1,1,0,0,0,0
Data Collective,3,6,0,0,3,0,0,0,0
Formation 8,2,3,0,0,0,0,1,0,0
General Catalyst Partners,1,2,0,0,0,1,0,0,0
Fidelity Investment,0,2,1,0,0,1,0,0,0
Lockheed Martin Ventures,0,1,1,0,0,0,0,0,0
Citi Ventures,2,5,0,0,0,2,1,0,0
Alkeon Capital Management,1,2,0,0,0,0,1,0,0
Kae Capital,0,1,1,0,0,0,0,0,0
Monashees+,0,6,1,0,0,4,1,0,0
BBVA,0,1,0,0,0,1,0,0,0
Propel Venture Partners,0,1,0,0,0,1,0,0,0
Verissimo Ventures,1,1,0,0,0,0,0,0,0
Accomplice,2,5,0,0,0,2,0,1,0
IA Ventures,2,4,0,0,1,0,1,0,0
JSW Ventures,0,1,0,0,0,0,1,0,0
Blume Ventures,0,3,0,0,0,1,2,0,0
IvyCap Ventures,0,1,0,0,0,0,1,0,0
GSV Ventures,0,3,0,1,0,0,2,0,0
Elevar Equity,0,1,0,0,0,0,1,0,0
WestBridge Capital,1,4,0,0,1,0,2,0,0
TDM Growth Partners,0,2,0,0,0,0,2,0,0
Baillie Gifford & Co.,0,3,2,0,0,0,1,0,0
Prysm Capital,0,2,0,0,0,1,1,0,0
Norma Investments,0,1,0,1,0,0,0,0,0
Polychain Capital,2,5,0,0,0,3,0,0,0
GoldenTree Asset Management,0,1,0,0,0,1,0,0,0
Verizon Ventures,1,1,0,0,0,0,0,0,0
Initialized Capital,2,9,0,0,4,1,2,0,0
CPP Investment Board,0,1,0,0,0,0,0,1,0
Helion Venture Partners,2,3,0,0,0,0,1,0,0
Bain Capital Tech Opportunities,2,2,0,0,0,0,0,0,0
People Electrical Appliance Group China,0,1,1,0,0,0,0,0,0
Zhongrong International Trust,0,1,1,0,0,0,0,0,0
Revolution Ventures,0,1,1,0,0,0,0,0,0
Coatue Management,10,21,2,0,2,3,4,0,0
Dragonfly Capital Partners,1,1,0,0,0,0,0,0,0
Multicoin Capital,1,1,0,0,0,0,0,0,0
Streamlined Ventures,0,1,0,0,1,0,0,0,0
FreesFund,1,1,0,0,0,0,0,0,0
Impact Investment Capital,0,1,0,0,1,0,0,0,0
NEC,0,1,0,0,1,0,0,0,0
Japan Industrial Partners,0,1,0,0,1,0,0,0,0
Fifth Wall Ventures,0,6,3,0,0,2,1,0,0
8VC,3,8,2,0,1,2,0,0,0
SOFTBANK Latin America Ventures,1,1,0,0,0,0,0,0,0
Big Bets,1,1,0,0,0,0,0,0,0
Inclusive Capital Partners,0,1,1,0,0,0,0,0,0
Rubicon Technology Partners,0,1,1,0,0,0,0,0,0
China Grand Prosperity Investment,0,2,2,0,0,0,0,0,0
CSC Group,0,1,1,0,0,0,0,0,0
Bloomberg Beta,3,4,1,0,0,0,0,0,0
Reach Capital,1,1,0,0,0,0,0,0,0
Berkshire Partners,0,1,0,0,0,0,1,0,0
Imaginary Ventures,0,1,0,0,0,0,1,0,0
Alliance Consumer Growth,0,1,0,0,0,0,1,0,0
Hongtai Capital Holdings,0,3,1,1,0,0,1,0,0
GP Capital,0,3,1,1,0,0,1,0,0
Shunwei Capital,0,1,0,1,0,0,0,0,0
Canaan Partners,2,4,0,0,1,0,1,0,0
Highland Europe,2,3,0,0,0,0,1,0,0
Eurazeo,1,5,0,0,0,1,3,0,0
GreatPoint Ventures,0,2,0,0,1,0,0,1,0
Rembrandt Venture Partners,2,2,0,0,0,0,0,0,0
M12,8,9,0,0,1,0,0,0,0
CyberStarts,1,1,0,0,0,0,0,0,0
Target Global,0,3,1,0,0,1,0,1,0
Durable Capital Partners,0,4,1,0,1,1,1,0,0
AirTree Ventures,1,3,0,2,0,0,0,0,0
Madera Technology Partners,1,1,0,0,0,0,0,0,0
Madrona Venture Group,6,8,1,0,0,0,1,0,0
Winklevoss Capital,0,1,1,0,0,0,0,0,0
Lowercase Capital,1,2,0,1,0,0,0,0,0
Polaris Partners,0,2,0,1,0,1,0,0,0
Insight Venture Partners,0,4,0,1,1,0,2,0,0
Lakestar,0,4,1,1,0,1,1,0,0
Accelm Scania Growth Capital,0,1,1,0,0,0,0,0,0
Cocnord Health Partners,0,1,0,0,1,0,0,0,0
Breakthrough Energy Ventures,0,7,6,0,0,0,1,0,0
Apollo Projects,0,1,1,0,0,0,0,0,0
Ribbit Capital,1,10,0,0,0,8,0,1,0
PayPal Ventures,1,5,0,0,0,3,0,1,0
AllegisCyber Capital,0,1,1,0,0,0,0,0,0
DataTribe,0,1,1,0,0,0,0,0,0
Energy Impact Partners,1,2,1,0,0,0,0,0,0
Blumberg Capital,0,3,0,0,0,2,1,0,0
Vintage Investment Partners,1,2,0,0,0,0,1,0,0
Health Velocity Capital,0,1,0,0,1,0,0,0,0
Quiet Capital,0,1,0,0,0,1,0,0,0
Altimeter Capital,2,3,0,0,0,1,0,0,0
Accel Partners,1,4,2,0,0,0,1,0,0
Valo Ventures,0,1,0,0,1,0,0,0,0
Artiman Ventures,0,2,0,0,1,0,1,0,0
Meson Capital Partners,0,1,1,0,0,0,0,0,0
OGCI Climate Investments,0,1,1,0,0,0,0,0,0
Activant Capital,0,2,0,0,0,1,0,1,0
Tribe Capital,0,3,1,0,0,1,1,0,0
Paradigm,3,7,0,1,0,3,0,0,0
Javelin Venture Partners,0,3,0,2,0,1,0,0,0
ION Crossover Partners,1,1,0,0,0,0,0,0,0
Contour Venture Partners,2,2,0,0,0,0,0,0,0
Silver Lake,3,5,0,1,1,0,0,0,0
Intel Capital,3,6,2,0,1,0,0,0,0
Wonder Ventures,0,1,0,0,0,0,1,0,0
March Capital Partners,3,4,0,0,0,0,1,0,0
National Grid Partners,1,1,0,0,0,0,0,0,0
Danone Manifesto Ventures,0,1,0,0,0,0,1,0,0
1955 Capital,0,1,0,0,0,0,1,0,0
Hillsven Capital,1,1,0,0,0,0,0,0,0
Capricorn Investment Group,0,2,2,0,0,0,0,0,0
Mithril Capital Management,0,3,1,0,0,2,0,0,0
VentureLink,1,1,0,0,0,0,0,0,0
Georgian Partners,4,6,0,0,0,0,1,1,0
Edison Partners,1,1,0,0,0,0,0,0,0
Mubadala Capital,0,2,1,0,0,0,1,0,0
Bond,1,4,2,0,0,0,1,0,0
Scale Venture Partners,5,7,2,0,0,0,0,0,0
Mundi Ventures,0,1,0,0,0,0,0,1,0
Doqling Capital Partners,0,1,0,0,0,0,0,1,0
Hearst Ventures,1,1,0,0,0,0,0,0,0
Linear Venture,1,5,2,1,0,0,1,0,0
WestCap Group,0,2,0,0,1,1,0,0,0
Invus Group,0,1,0,0,0,1,0,0,0
Hanaco Venture Capital,0,2,1,0,0,1,0,0,0
Circularity Capital,0,1,0,0,0,0,1,0,0
Coparion,0,1,0,0,0,0,1,0,0
Varengold Bank,0,1,0,0,0,0,1,0,0
btov Partners,1,2,1,0,0,0,0,0,0
Geely,0,1,1,0,0,0,0,0,0
BoxGroup,1,2,0,0,0,0,1,0,0
Blu Venture Investors,0,1,0,0,0,0,1,0,0
NGP Capital,1,1,0,0,0,0,0,0,0
Adjacent,0,1,0,0,0,0,1,0,0
Creator Partners,0,1,0,0,0,0,1,0,0
One Equity Partners,1,1,0,0,0,0,0,0,0
enaya Capital,1,1,0,0,0,0,0,0,0
Yunqi Partners,0,1,1,0,0,0,0,0,0
iVision Ventures,0,1,1,0,0,0,0,0,0
SingTel Innov8,2,3,1,0,0,0,0,0,0
Maor Investments,1,1,0,0,0,0,0,0,0
Camber Creek,1,2,0,0,0,1,0,0,0
Spar Capital,0,1,0,0,0,1,0,0,0
China Everbright Limited,0,1,1,0,0,0,0,0,0
iFLYTEK,0,1,1,0,0,0,0,0,0
NVentures,1,1,0,0,0,0,0,0,0
Upfront Ventures,2,5,1,0,0,0,2,0,0
01 Advisors,2,3,0,1,0,0,0,0,0
Viking Global Investors,2,5,1,0,1,1,0,0,0
Caffeinated Capital,1,7,1,1,2,1,0,1,0
Mountain Nazca,0,1,1,0,0,0,0,0,0
,4,10,2,0,1,3,0,0,0
Balderton Capital,1,6,1,0,0,1,2,1,0
Passion Capital,0,3,0,0,0,2,0,1,0
Shea Ventures,0,2,0,0,0,2,0,0,0
Greycroft,3,11,1,0,0,5,1,1,0
Gaingels,0,1,0,1,0,0,0,0,0
Draper Associates,0,1,0,1,0,0,0,0,0
Boost VC,0,1,0,1,0,0,0,0,0
Mayfield,1,3,0,1,1,0,0,0,0
YL Ventures,1,1,0,0,0,0,0,0,0
Digital Currency Group,0,2,0,0,0,2,0,0,0
Zheshang Venture Capital,0,1,0,0,0,0,1,0,0
Western Capital Management,0,1,0,0,0,0,1,0,0
Alumni Ventures Group,0,2,1,1,0,0,0,0,0
Struck Capital,0,1,0,1,0,0,0,0,0
Kima Ventures,1,1,0,0,0,0,0,0,0
frst,1,1,0,0,0,0,0,0,0
Mirai Creation Fund,0,1,1,0,0,0,0,0,0
Auriga,1,1,0,0,0,0,0,0,0
Galeo Ventures,1,1,0,0,0,0,0,0,0
Softbank,1,2,0,0,0,0,1,0,0
Bertelsmann India Investments,1,3,0,0,0,0,2,0,0
Crosslink Capital,3,4,0,0,0,1,0,0,0
.406 Ventures,1,1,0,0,0,0,0,0,0
Porsche,0,1,1,0,0,0,0,0,0
InvestIndustrial,0,1,1,0,0,0,0,0,0
XAnge Private Equity,0,1,0,0,0,1,0,0,0
NewAlpha,0,1,0,0,0,1,0,0,0
Alven Capital,3,5,0,1,0,0,1,0,0
Valar Ventures,1,7,0,0,0,5,1,0,0
Inova Ventures Participacees,0,1,0,1,0,0,0,0,0
Makers Fund,0,1,0,1,0,0,0,0,0
Princeville Global,1,1,0,0,0,0,0,0,0
Beyond Net Zero,1,1,0,0,0,0,0,0,0
Astorg Partners,1,1,0,0,0,0,0,0,0
Lightbox Ventures,0,1,0,0,0,0,1,0,0
Speedinvest,0,2,0,0,0,1,1,0,0
Uniqa Ventures,0,2,0,0,0,1,1,0,0
Obvious Ventures,1,3,0,0,2,0,0,0,0
Expa,0,1,0,0,0,1,0,0,0
DFJ Growth Fund,2,3,1,0,0,0,0,0,0
Addition,4,5,0,0,0,1,0,0,0
Microsoft,0,1,0,1,0,0,0,0,0
NetEase Capital,0,1,0,1,0,0,0,0,0
Anglo American,0,1,1,0,0,0,0,0,0
Kalaari Capital,0,3,1,0,1,1,0,0,0
Animal Capital,0,1,0,0,1,0,0,0,0
Breyer Capital,0,3,0,1,1,1,0,0,0
In-Q-Tel,0,1,0,0,1,0,0,0,0
Automobile Industry Guidance Fund,0,1,1,0,0,0,0,0,0
RedBird Capital Partners,0,2,1,1,0,0,0,0,0
The Rise Fund,0,2,1,0,0,1,0,0,0
Fidelity Investments,1,3,2,0,0,0,0,0,0
Flare Capital Partners,0,1,0,0,1,0,0,0,0
The Blue Venture Fund,0,1,0,0,1,0,0,0,0
Longitude Capital,0,1,0,0,1,0,0,0,0
Evolution Equity Partners,1,1,0,0,0,0,0,0,0
Koch Disruptive Technologies,1,2,0,0,0,0,1,0,0
VebVentures,1,1,0,0,0,0,0,0,0
F-Prime Capital,1,3,0,0,1,1,0,0,0
Bling Capital,0,2,0,0,1,1,0,0,0
US Venture Partners,0,1,0,0,1,0,0,0,0
BlueCross BlueShield Venture Partners,0,1,0,0,1,0,0,0,0
LocalGlobe,1,2,0,0,0,0,0,1,0
Causeway Media Partners,0,1,0,0,1,0,0,0,0
Novator Partners,1,2,0,0,1,0,0,0,0
True,0,1,0,0,1,0,0,0,0
Eleven Ventures,1,1,0,0,0,0,0,0,0
Tull Investment Group,0,1,0,1,0,0,0,0,0
Framework Ventures,2,2,0,0,0,0,0,0,0
Dila Capital,1,1,0,0,0,0,0,0,0
3L,1,2,0,0,0,1,0,0,0
Hundreds Capital,1,1,0,0,0,0,0,0,0
Ontario Teachers' Pension Plan,0,1,0,0,0,1,0,0,0
Founders Fund. Accel,0,1,0,0,0,1,0,0,0
MSD Capital,0,1,0,0,1,0,0,0,0
Forerunner Ventures,0,5,0,0,1,1,3,0,0
Lifeline Ventures,0,1,0,0,1,0,0,0,0
Sands Capital,0,2,1,0,1,0,0,0,0
Notion Capital,3,3,0,0,0,0,0,0,0
Revaia,1,1,0,0,0,0,0,0,0
Xiang He Capital,0,2,1,0,0,0,1,0,0
OMERS Private Equity,1,1,0,0,0,0,0,0,0
Science Media,0,1,0,0,0,0,1,0,0
Live Nation Labs,0,1,0,0,0,0,1,0,0
Velvet Sea Ventures,0,1,0,0,0,0,1,0,0
Chengwei Capital,0,1,0,0,0,0,1,0,0
Perpetual Investors,1,1,0,0,0,0,0,0,0
Salesforce Ventures,10,11,0,0,0,0,0,1,0
Trinity Ventures,2,5,0,0,0,2,1,0,0
OpenView Venture Partners,1,2,0,0,0,1,0,0,0
CVF Capital Partners,0,1,0,0,1,0,0,0,0
ARCH Venture Partners,0,4,0,0,4,0,0,0,0
Toyota Motor Corporation,0,1,1,0,0,0,0,0,0
FANUC,0,1,1,0,0,0,0,0,0
Mizuho Financial Group,0,1,1,0,0,0,0,0,0
Cherry Ventures,0,2,1,0,0,0,1,0,0
83North,1,4,1,0,0,0,2,0,0
Felix Capital,1,4,0,0,0,0,3,0,0
iTech Capital,1,1,0,0,0,0,0,0,0
Georgian Co-Investment Fund,1,1,0,0,0,0,0,0,0
Galaxy Digital,1,1,0,0,0,0,0,0,0
Genesis Capital,1,1,0,0,0,0,0,0,0
MassMutual Ventures,0,1,0,0,1,0,0,0,0
CVS Health,0,1,0,0,1,0,0,0,0
Volcanics Ventures,0,1,1,0,0,0,0,0,0
Vertex Ventures China,0,1,1,0,0,0,0,0,0
RiverPark Ventures,0,1,1,0,0,0,0,0,0
DESUN Capital,0,1,0,0,0,0,1,0,0
Meridian Capital,0,1,0,0,0,0,1,0,0
Yunfeng Capital,0,2,1,0,0,0,1,0,0
AME Cloud Ventures,1,2,0,0,0,1,0,0,0
Blockchain Capital,0,2,0,0,0,2,0,0,0
Future Perfect Ventures,0,1,0,0,0,1,0,0,0
Transamerica Ventures,1,1,0,0,0,0,0,0,0
Crane Venture Partners,1,1,0,0,0,0,0,0,0
Railway Pension Trustee Co. Ltd.,0,1,0,0,0,1,0,0,0
XVC Venture Capital,0,2,0,0,0,0,2,0,0
iFly,0,1,0,0,0,0,1,0,0
Goodwater Capital,0,4,0,1,0,2,1,0,0
CR Capital Mgmt,1,1,0,0,0,0,0,0,0
N5 Capital,1,1,0,0,0,0,0,0,0
JD Digits,1,1,0,0,0,0,0,0,0
Refactor Capital,0,2,2,0,0,0,0,0,0
Fifty Years Fund,0,2,2,0,0,0,0,0,0
Almaz Capital Partners,1,1,0,0,0,0,0,0,0
Vivo Capital,0,1,0,0,1,0,0,0,0
CDIB Capital,0,1,0,0,0,0,1,0,0
Bregal Sagemount,0,1,0,0,0,0,1,0,0
MindWorks Ventures,0,1,1,0,0,0,0,0,0
Redpoint e.ventures,0,2,0,0,0,0,2,0,0
Valor Capital Group,0,3,1,0,0,1,1,0,0
SoftBank Latin America Fund,0,2,0,0,0,0,2,0,0
BOLDstart Ventures,2,3,0,0,0,1,0,0,0
Korea Investment Partners,1,1,0,0,0,0,0,0,0
Korea Investment Private Equity,1,1,0,0,0,0,0,0,0
Atinum Investment,1,2,0,1,0,0,0,0,0
Kleiner Perkins Caulfield & Byers,0,1,1,0,0,0,0,0,0
Blackrock,0,3,1,0,0,0,1,1,0
Deciens Capital,0,1,0,0,0,1,0,0,0
500 Startups,0,3,2,0,0,1,0,0,0
Bezos Expeditions,0,2,0,0,0,2,0,0,0
Sozo Ventures,0,1,0,1,0,0,0,0,0
ATP Investment,1,1,0,0,0,0,0,0,0
kt investment,1,1,0,0,0,0,0,0,0
Dynamic Parcel Distribution,0,1,0,0,0,0,1,0,0
Monk's Hill Ventures,0,1,0,0,0,0,1,0,0
Fabric Ventures,1,3,0,2,0,0,0,0,0
e.ventures,1,2,0,0,0,1,0,0,0
FinSight Ventures,0,2,0,0,0,2,0,0,0
Standard Chartered,0,1,0,0,0,1,0,0,0
Affirma Capital,0,1,0,0,0,1,0,0,0
Origin Ventures,0,2,0,1,0,0,1,0,0
G2VP,0,1,1,0,0,0,0,0,0
Porsche Ventures,0,1,1,0,0,0,0,0,0
b2venture,0,1,1,0,0,0,0,0,0
Nirvana Venture Advisors,0,1,0,0,0,0,1,0,0
SignalFire,0,3,1,0,1,0,0,1,0
American Family Ventures,0,1,0,0,0,0,0,1,0
Chicago Ventures,1,2,0,0,0,1,0,0,0
Emergence Capital Partners,2,3,0,0,0,1,0,0,0
Burda Principal Investments,0,1,0,0,0,0,1,0,0
Stripes Group,2,4,0,1,0,1,0,0,0
Neuberger Berman,0,1,0,1,0,0,0,0,0
Sound Ventures,1,7,0,2,4,0,0,0,0
Emergence Capital,1,1,0,0,0,0,0,0,0
Slack Fund,2,2,0,0,0,0,0,0,0
China Creation Ventures,0,2,0,1,1,0,0,0,0
Marathon Venture Partners,0,1,0,0,1,0,0,0,0
Huagai Capital,0,2,0,0,1,0,0,1,0
Collab+Currency,0,1,0,0,0,1,0,0,0
Quiet Ventures,0,1,0,0,0,1,0,0,0
ETFS Capital,0,1,0,0,0,1,0,0,0
capitalG,2,5,0,0,0,2,0,1,0
LowercaseCapital,0,1,0,0,0,1,0,0,0
Entree Capital,0,1,0,0,0,1,0,0,0
Horizons Ventures,1,6,1,0,0,1,3,0,0
Ajinomoto,0,1,0,0,0,0,1,0,0
IFC,0,1,0,0,0,0,1,0,0
Ignition Partners,3,4,0,0,0,0,0,1,0
Triangle Peak Partners,1,1,0,0,0,0,0,0,0
UBS Asset Management,0,1,1,0,0,0,0,0,0
Unilever Ventures,0,2,0,0,1,0,1,0,0
Hitachi Ventures,1,3,1,0,1,0,0,0,0
Leaps by Bayer,0,1,0,0,1,0,0,0,0
Thirty Five Ventures,0,1,0,1,0,0,0,0,0
HD Capital,0,1,1,0,0,0,0,0,0
Qihoo 360 Technology,0,1,1,0,0,0,0,0,0
China Fortune Land Development,0,1,1,0,0,0,0,0,0
Blackbird Ventures,2,3,1,0,0,0,0,0,0
IndexVentures,0,1,1,0,0,0,0,0,0
468 Capital,0,1,0,0,0,0,1,0,0
Redalpine Venture Partners,0,2,0,0,0,1,1,0,0
Unternehmertum Venture Capital,0,1,1,0,0,0,0,0,0
Holtzbrinck Ventures,0,2,1,0,0,1,0,0,0
Geekdom Fund,1,1,0,0,0,0,0,0,0
FinVC,0,1,0,0,0,1,0,0,0
MaC Venture Capital,0,1,0,0,0,1,0,0,0
next47,1,3,1,0,0,1,0,0,0
Dynamo VC,0,1,1,0,0,0,0,0,0
Susa Ventures,0,2,1,0,0,0,1,0,0
Russia-China Investment Fund,2,2,0,0,0,0,0,0,0
Credo Ventures,1,1,0,0,0,0,0,0,0
ICONIQ Capital,6,10,2,0,0,1,1,0,0
Benhcmark,0,1,0,0,0,1,0,0,0
Eight Roads Ventures,4,4,0,0,0,0,0,0,0
K9 Ventures,1,1,0,0,0,0,0,0,0
IMM Investment,0,3,0,1,0,0,2,0,0
Kakao Ventures,0,1,0,1,0,0,0,0,0
Smilegate Investment,1,2,0,1,0,0,0,0,0
Dragonfly Captial,0,1,0,0,0,1,0,0,0
North Island Ventures,1,1,0,0,0,0,0,0,0
Lemniscap VC,1,1,0,0,0,0,0,0,0
Kaszek Ventures,0,6,0,0,0,4,2,0,0
DILA Capital,0,1,0,0,0,1,0,0,0
Clocktower Technology Ventures,1,4,0,0,0,3,0,0,0
Workday Ventures,2,2,0,0,0,0,0,0,0
Blue Cloud Ventures,3,3,0,0,0,0,0,0,0
Brighton Park Capital,1,1,0,0,0,0,0,0,0
Bain Capital,0,2,0,0,0,1,1,0,0
Grandland,0,1,1,0,0,0,0,0,0
Co-Energy Finance,0,1,1,0,0,0,0,0,0
Barter Ventures,1,1,0,0,0,0,0,0,0
MMC Ventures,0,1,0,0,0,0,1,0,0
BGF Ventures,1,2,0,0,0,0,1,0,0
Group11,0,1,0,0,0,1,0,0,0
Zeev Ventures,3,7,0,1,0,2,0,1,0
Acero Capital,1,1,0,0,0,0,0,0,0
Volta Energy Technologies,0,1,1,0,0,0,0,0,0
Inspired Capital,0,2,0,0,0,1,1,0,0
Flybridge Capital Partners,1,3,0,0,0,0,2,0,0
OKX Ventures,0,2,0,0,0,2,0,0,0
Yinhong Equity Investment Fund,1,1,0,0,0,0,0,0,0
Ideal International,1,1,0,0,0,0,0,0,0
E Fund,1,1,0,0,0,0,0,0,0
Sofinnova Partners,1,1,0,0,0,0,0,0,0
Noshaq,1,1,0,0,0,0,0,0,0
Aviv Venture Capital,0,1,0,0,1,0,0,0,0
Next World Capital,1,1,0,0,0,0,0,0,0
Wing Venture Capital,2,3,0,0,0,1,0,0,0
Cowboy Ventures,2,2,0,0,0,0,0,0,0
Pear,1,1,0,0,0,0,0,0,0
Omidyar Network,0,2,0,1,0,0,1,0,0
Jintou Zhiyuan,0,1,1,0,0,0,0,0,0
Cercano Management,0,1,1,0,0,0,0,0,0
Investcorp,0,1,0,0,0,0,1,0,0
Osage University Partners,1,1,0,0,0,0,0,0,0
5Y Capital,0,2,1,0,0,0,1,0,0
iSeed Ventures,0,1,0,0,1,0,0,0,0
Point Nine Capital,0,2,0,0,1,1,0,0,0
Buckley Ventures,0,1,0,0,1,0,0,0,0
WAVE Equity Partners,0,1,1,0,0,0,0,0,0
Safar Partners,0,1,1,0,0,0,0,0,0
Cranberry Capital,0,1,1,0,0,0,0,0,0
Valiant Capital Partners,0,1,0,0,0,0,1,0,0
SAIF Partners India,0,1,0,0,0,0,1,0,0
Roche Venture Fund,0,1,0,0,1,0,0,0,0
Sunley House Capital Management,0,1,1,0,0,0,0,0,0
HongShan,0,2,0,0,0,1,1,0,0
Lenovo Capital and Incubator Group,0,1,0,0,0,1,0,0,0
Scentan Ventures,1,1,0,0,0,0,0,0,0
Kite Ventures,1,1,0,0,0,0,0,0,0
Bedrock Capital,0,2,2,0,0,0,0,0,0
Broom Ventures,0,1,1,0,0,0,0,0,0
Forestay Capital,1,1,0,0,0,0,0,0,0
NTT DoCoMo Ventures,1,1,0,0,0,0,0,0,0
Alumni Ventures,1,1,0,0,0,0,0,0,0
BMO Capital,0,1,1,0,0,0,0,0,0
Schonfeld Strategic Advisors,0,1,1,0,0,0,0,0,0
Alibaba Group,1,9,2,1,0,0,5,0,0
SoftBankGroup,0,1,0,0,0,0,1,0,0
OMERS Ventures,0,3,0,0,0,0,2,1,0
Capital One Growth Ventures,0,1,0,0,0,0,1,0,0
IDInvest Partners,1,4,2,0,0,0,1,0,0
K2 Global,0,1,1,0,0,0,0,0,0
CJ ENM,0,1,0,1,0,0,0,0,0
dmg ventures,0,1,0,0,0,1,0,0,0
Gauss Ventures,0,1,0,0,0,1,0,0,0
Ventura Capital,0,1,0,0,0,1,0,0,0
Contrary,0,1,0,0,0,0,1,0,0
Version One Ventures,1,2,1,0,0,0,0,0,0
Uncork Capital,2,5,1,1,0,1,0,0,0
Hanaco Ventures,1,2,0,0,0,0,1,0,0
Inspiration Ventures,0,1,0,0,0,1,0,0,0
RPM Ventures,0,1,0,0,0,1,0,0,0
Carrick Capital Partners,0,1,0,0,0,1,0,0,0
Flint Capital,0,2,0,0,0,1,0,1,0
Two Sigma Ventures,1,6,0,0,2,2,0,1,0
Equal Ventures,0,1,0,1,0,0,0,0,0
We Capital,0,1,0,1,0,0,0,0,0
China Minsheng Investment Group,0,1,0,1,0,0,0,0,0
China Culture Industrial Investment Fund,0,1,0,1,0,0,0,0,0
Section 32,2,2,0,0,0,0,0,0,0
DCM Ventures,1,8,2,2,1,2,0,0,0
ArcTern Ventures,0,1,1,0,0,0,0,0,0
Adams Street Partners,1,3,0,0,0,1,1,0,0
Energize Ventures,0,1,1,0,0,0,0,0,0
LRVHealth,0,1,0,0,1,0,0,0,0
Kaiser Permanente Ventures,0,1,0,0,1,0,0,0,0
Endeavour Vision,0,1,0,0,1,0,0,0,0
Silverton Partners,0,2,0,0,1,0,0,1,0
Ballast Point Ventures,0,1,0,0,0,0,0,1,0
Next Coast Ventures,0,1,0,0,1,0,0,0,0
Highland Capital Partners,2,4,0,0,1,1,0,0,0
SoGal Ventures,0,1,0,0,1,0,0,0,0
Dale Ventures,1,2,1,0,0,0,0,0,0
Aspenwood Ventures,0,1,0,0,1,0,0,0,0
Founders Capital,1,1,0,0,0,0,0,0,0
Maveron,0,2,0,0,1,0,1,0,0
Johnson & Johnson Innovation,0,1,0,0,1,0,0,0,0
Bonfire Ventures,0,1,0,0,0,1,0,0,0
FJ Labs,0,1,0,0,0,1,0,0,0
Suzhou International Development Venture Capital Holding,0,1,1,0,0,0,0,0,0
Draper Esprit,0,1,0,0,0,1,0,0,0
Korelya Capital,0,1,0,0,0,1,0,0,0
Eastern Bell Capital 32,0,1,1,0,0,0,0,0,0
Trustbridge Partners,0,2,1,0,0,0,1,0,0
SDIC CMC Investment Management,0,2,2,0,0,0,0,0,0
Marcy Venture Partners,0,1,0,0,0,1,0,0,0
10T Fund,0,2,0,0,0,2,0,0,0
Morgan Creek Digital,0,1,0,0,0,1,0,0,0
Ireland Strategic Investment Fund,1,1,0,0,0,0,0,0,0
TPG Alternative & Renewable Technologies,1,1,0,0,0,0,0,0,0
Vertex Ventures,3,3,0,0,0,0,0,0,0
Oryzn Capital,1,1,0,0,0,0,0,0,0
ClalTech,1,2,0,1,0,0,0,0,0
Alibaba Entrepreneurs Fund,0,1,0,0,0,1,0,0,0
ING,0,1,0,0,0,1,0,0,0
Foresite Capital,0,3,0,0,3,0,0,0,0
The Column Group,0,2,0,0,2,0,0,0,0
Goldman Sachs Asset Management,1,4,2,0,0,1,0,0,0
STRIVE,1,1,0,0,0,0,0,0,0
L'Occitane,0,1,0,0,0,0,1,0,0
Malabar Investments,0,1,0,1,0,0,0,0,0
The Raine Group,0,2,1,1,0,0,0,0,0
Middle East Venture Partners,0,1,0,0,0,1,0,0,0
Algebra Ventures,0,1,0,0,0,1,0,0,0
Resolute Ventures,0,2,0,0,0,1,1,0,0
Undisclosed,1,2,0,0,0,1,0,0,0
Alpargatas,0,1,0,0,0,0,1,0,0
SV Angel,1,1,0,0,0,0,0,0,0
Passport Capital,0,1,0,0,0,0,1,0,0
Rho Ventures,0,1,0,0,0,0,1,0,0
Plymouth Growth Partners,1,1,0,0,0,0,0,0,0
GM Ventures,1,1,0,0,0,0,0,0,0
Grand Flight Investment,0,1,1,0,0,0,0,0,0
Meituan Dianping,0,2,1,0,0,0,1,0,0
Bertelsmann Asia Investments,0,1,0,0,1,0,0,0,0
NIO Capital,0,1,0,0,1,0,0,0,0
Insignia Ventures Partners,0,1,0,0,0,1,0,0,0
Alpha JWC Ventures,0,3,1,0,0,1,1,0,0
Softbank Ventures Asia,0,2,1,0,0,1,0,0,0
Pritzker Group Venture Capital,1,1,0,0,0,0,0,0,0
H Capital,0,1,0,0,0,0,1,0,0
s28 Capital,2,2,0,0,0,0,0,0,0
WRVI Capital,0,1,1,0,0,0,0,0,0
GX Capital,0,1,0,0,0,0,1,0,0
Texo Ventures,0,1,0,0,1,0,0,0,0
Anthos Capital,0,2,0,0,0,0,2,0,0
Plug and Play Ventures,0,2,0,0,0,1,1,0,0
NextView Ventures,1,2,0,0,1,0,0,0,0
Promus Ventures,0,1,0,0,1,0,0,0,0
Redrice Ventures,0,1,0,0,0,0,1,0,0
CommerzVentures,0,1,0,0,0,0,0,1,0
Octopus Ventures,0,1,0,0,0,0,0,1,0
Picus Capital,1,1,0,0,0,0,0,0,0
Nortzone Ventures,1,1,0,0,0,0,0,0,0
Moderne Ventures,0,2,1,0,0,0,0,1,0
Oakhouse Partners,0,1,1,0,0,0,0,0,0
Bjarke Ingels Group,0,1,1,0,0,0,0,0,0
CMCC Global,0,1,0,0,0,1,0,0,0
MH Ventures,1,2,0,0,0,1,0,0,0
Shima Capital,0,2,0,0,0,2,0,0,0
Mirae Asset Capital,0,1,0,0,0,0,1,0,0
BOND,0,1,0,0,0,0,1,0,0
K Fund,1,1,0,0,0,0,0,0,0
Black Pearl Ventures,0,1,0,0,0,1,0,0,0
Stonebridge Ventures,0,1,0,0,0,1,0,0,0
Yuanta Investment Korea,0,1,0,0,0,1,0,0,0
Castle Island Ventures,0,1,0,0,0,1,0,0,0
Shell Ventures,0,1,1,0,0,0,0,0,0
Moore Strategic Ventures,0,2,2,0,0,0,0,0,0
MenloVentures,0,1,0,0,1,0,0,0,0
K2VC,0,3,1,0,0,1,1,0,0
Source Code Capital,0,6,2,0,0,2,2,0,0
Global Logistic Properties,0,1,1,0,0,0,0,0,0
Playground Global,2,3,1,0,0,0,0,0,0
Amiti Ventures,1,1,0,0,0,0,0,0,0
Green Visor Capital,0,1,0,0,0,1,0,0,0
TriplePoint Capital,1,2,1,0,0,0,0,0,0
Optum Ventures,0,1,0,0,1,0,0,0,0
Transformation Capital,0,1,0,0,1,0,0,0,0
F2 Ventures,0,1,0,0,1,0,0,0,0
Astellas Venture Management,0,1,0,0,1,0,0,0,0
MPM Capital,0,1,0,0,1,0,0,0,0
Forest Partners,0,1,1,0,0,0,0,0,0
Shenzhen Capital Group,1,4,2,0,0,0,1,0,0
Oak Investment Partners,1,1,0,0,0,0,0,0,0
Microsoft ScaleUp,0,1,0,0,0,0,1,0,0
Seedcamp,0,1,0,0,0,0,0,1,0
Morningside Venture Capital,0,2,1,1,0,0,0,0,0
Nordic Capital,0,1,0,0,1,0,0,0,0
Vostok New Ventures,0,2,2,0,0,0,0,0,0
Operator Collective,0,1,0,0,0,0,0,1,0
Sixth Street Growth,0,1,0,0,0,0,1,0,0
Loeb,0,1,0,0,0,0,1,0,0
NYC,0,1,0,0,0,0,1,0,0
Comcast Ventures,0,3,0,1,0,0,2,0,0
Spotify,0,1,0,1,0,0,0,0,0
BlockTower Capital,0,1,0,0,0,1,0,0,0
Cadenza Ventures,0,1,0,0,0,1,0,0,0
PremjiInvest,0,1,0,0,0,0,1,0,0
Samsung Ventures,0,2,1,0,1,0,0,0,0
BP Ventures,0,1,1,0,0,0,0,0,0
SingulariTeam,0,1,1,0,0,0,0,0,0
3one4 Capital Partners,0,2,0,0,0,1,1,0,0
Fifth Wall,0,1,1,0,0,0,0,0,0
Prelude Ventures,0,1,1,0,0,0,0,0,0
Shanghai STVC Group,0,1,1,0,0,0,0,0,0
Guozhong Venture Capital Management,1,2,1,0,0,0,0,0,0
Vinno Capital,0,1,1,0,0,0,0,0,0
CMFG Ventures,0,1,0,0,0,0,0,1,0
IOSG,0,1,0,0,0,1,0,0,0
Guiyang Venture Capital,0,1,0,0,0,0,1,0,0
CAOGENZHIBEN GROUP,0,1,0,0,0,0,1,0,0
Longfor Capital,0,1,0,0,0,0,1,0,0
UiPath Ventures,1,1,0,0,0,0,0,0,0
G Squared,1,3,0,0,1,0,1,0,0
Kindred Capital,1,1,0,0,0,0,0,0,0
TDK Ventures,1,1,0,0,0,0,0,0,0
Sequoia Capital Israel,2,2,0,0,0,0,0,0,0
Hedosophia,0,4,1,0,0,2,0,1,0
DJF,1,1,0,0,0,0,0,0,0
Storm Ventures,4,4,0,0,0,0,0,0,0
New Hope Fund,0,1,1,0,0,0,0,0,0
Sino-Ocean Capital,0,1,1,0,0,0,0,0,0
Ding Xiang Capital,0,1,1,0,0,0,0,0,0
Afore Capital,0,1,0,0,1,0,0,0,0
Gobi Partners,0,1,1,0,0,0,0,0,0
Ondine Capital,0,1,1,0,0,0,0,0,0
SmartFin Capital,0,1,0,0,0,0,1,0,0
Newion Partners,0,1,0,0,0,0,1,0,0
Delian Capital,0,1,1,0,0,0,0,0,0
China International Capital Corporation,0,1,1,0,0,0,0,0,0
International Finance Corporation,0,2,1,0,0,1,0,0,0
Bain Capital Credit,0,1,0,0,0,1,0,0,0
Ridge Ventures,1,2,0,0,0,0,1,0,0
Nine Intelligence Capital,0,1,1,0,0,0,0,0,0
Marchmont Ventures,0,1,1,0,0,0,0,0,0
Baleen Capital,0,1,0,0,0,1,0,0,0
Fasanara Capital,0,1,0,0,0,1,0,0,0
First Round Capital,0,3,2,1,0,0,0,0,0
Tiger Brokers,0,1,0,0,0,1,0,0,0
SEB Venture Capital,0,1,0,0,0,1,0,0,0
British Patient Capital,0,1,0,0,0,1,0,0,0
IQ Capital,0,1,0,0,0,1,0,0,0
Tenaya Capital,2,3,0,0,0,1,0,0,0
Epiq Capital,0,1,0,0,1,0,0,0,0
Hummingbird Ventures,0,2,0,0,1,1,0,0,0
QiMing Venture Partnersl,0,1,0,0,0,0,1,0,0
MFund,0,1,0,1,0,0,0,0,0
EQT Ventures,2,2,0,0,0,0,0,0,0
Betaworks Ventures,1,1,0,0,0,0,0,0,0
OneVentures,1,1,0,0,0,0,0,0,0
AMP New Ventures,1,1,0,0,0,0,0,0,0
GIC. Apis Partners,0,1,0,0,0,1,0,0,0
Tru Arrow Partners,0,1,0,0,0,1,0,0,0
Galaxy Interactive,0,2,0,1,0,1,0,0,0
eneral Catalyst,1,2,0,0,0,0,1,0,0
Victory Park Capital,0,1,0,0,0,0,1,0,0
Francisco Partners,0,1,0,1,0,0,0,0,0
India Quotient,0,1,0,1,0,0,0,0,0
S2G Ventures,0,1,1,0,0,0,0,0,0
Aglae Ventures,0,3,0,1,0,0,2,0,0
Fashion Tech Lab,0,1,1,0,0,0,0,0,0
Vast Ventures,0,1,1,0,0,0,0,0,0
Softbank Corp.,1,1,0,0,0,0,0,0,0
Sherpalo Ventures,1,1,0,0,0,0,0,0,0
Astanor Ventures,0,1,1,0,0,0,0,0,0
Taigang Venture Capital,0,1,1,0,0,0,0,0,0
Base10 Partners,0,1,1,0,0,0,0,0,0
Unkork Capital,0,1,0,0,0,0,1,0,0
NXC,0,1,0,0,0,0,1,0,0
enlo Ventures,1,1,0,0,0,0,0,0,0
Tusk Ventures,0,1,0,0,1,0,0,0,0
Canapi Ventures,0,2,0,0,0,2,0,0,0
Eniac Ventures,1,2,0,0,0,1,0,0,0
Floodgate,0,1,0,1,0,0,0,0,0
Ginko Ventures,0,1,1,0,0,0,0,0,0
China Fortune Ocean,0,1,1,0,0,0,0,0,0
China Environmental Protection Industry,0,1,1,0,0,0,0,0,0
Felicis Ventures,2,4,0,0,2,0,0,0,0
Draft Ventures,1,1,0,0,0,0,0,0,0
Orange Digital Ventures,0,1,0,0,0,1,0,0,0
Golden Gate Ventures,0,3,1,0,0,1,1,0,0
Eldridge,0,2,0,1,0,0,0,1,0
Altamont Capital Partners,0,1,0,0,0,0,0,1,0
Deer Park Road,0,1,0,0,0,0,0,1,0
Relay Ventures,1,2,0,0,0,1,0,0,0
Doha Venture Capital,1,1,0,0,0,0,0,0,0
Slow Ventures,1,2,0,0,0,1,0,0,0
TMT Investments,0,1,1,0,0,0,0,0,0
Diamler,0,1,1,0,0,0,0,0,0
Didi Chuxing,0,1,1,0,0,0,0,0,0
Mitsubishi Corporation,0,1,1,0,0,0,0,0,0
Mayfair Equity Partners,0,1,1,0,0,0,0,0,0
Alta Ventures Mexico,0,1,0,0,0,1,0,0,0
HCA Healthcare,0,1,0,0,1,0,0,0,0
Franklin Templeton,0,2,0,0,0,2,0,0,0
Global Asset Capital,0,1,0,0,0,0,1,0,0
Tao Capital Partners,0,3,0,0,0,0,3,0,0
U.S. Venture Partners,0,1,0,0,1,0,0,0,0
dRx Capital,0,1,0,0,1,0,0,0,0
JTC Group,0,1,0,0,0,1,0,0,0
Qatar Investment Authority,0,2,0,1,0,1,0,0,0
Altitude Life Science Ventures,0,2,0,0,2,0,0,0,0
Morningside Venture Partners,0,1,0,0,1,0,0,0,0
Maverick Capital,0,1,0,1,0,0,0,0,0
N/A,0,1,1,0,0,0,0,0,0
Gates Frontier,1,1,0,0,0,0,0,0,0
Mayfield Fund,2,2,0,0,0,0,0,0,0
Activate Capital,1,1,0,0,0,0,0,0,0
TSG Consumer Partners,0,1,0,0,0,0,1,0,0
Crowdcube,0,1,0,0,0,0,1,0,0
Fireside Ventures,0,1,0,0,0,0,1,0,0
Smash Ventures,0,1,0,1,0,0,0,0,0
AlbionVC,1,1,0,0,0,0,0,0,0
HSBC Venture Capital,1,1,0,0,0,0,0,0,0
Dawn Capital,1,2,0,1,0,0,0,0,0
Banyan Capital,1,2,0,0,0,0,1,0,0
Anthermis,0,1,0,0,0,1,0,0,0
ICG,1,1,0,0,0,0,0,0,0
Morningside Group,0,1,0,0,1,0,0,0,0
Gula Tech Adventures,1,1,0,0,0,0,0,0,0
ForgePoint Capital,1,1,0,0,0,0,0,0,0
V FUND,1,1,0,0,0,0,0,0,0
Green Pine Capital Partners,1,1,0,0,0,0,0,0,0
Oceanwide Holdings,1,1,0,0,0,0,0,0,0
Fosun RZ Capital,1,1,0,0,0,0,0,0,0
Shenzhen Qianhe Capital Management Co.,1,1,0,0,0,0,0,0,0
Weber Investissements,0,1,0,0,0,1,0,0,0
Schibsted Growth,0,1,0,0,0,1,0,0,0
Crossbeam Venture Partners,0,1,0,0,0,1,0,0,0
Access Industries,0,3,1,1,0,1,0,0,0
China Health Industry Investment Fund,0,1,0,0,1,0,0,0,0
and Sequoia Capital China,0,1,0,0,1,0,0,0,0
China Renaissance,0,1,0,0,1,0,0,0,0
Fin Capital,0,1,0,0,0,1,0,0,0
Chuanrong Capital,0,1,0,0,0,1,0,0,0
Gaocheng Capital,0,1,0,0,0,1,0,0,0
ConsenSys Ventures,0,1,0,0,0,1,0,0,0
PUC,0,1,0,0,0,1,0,0,0
BHP Ventures,0,1,1,0,0,0,0,0,0
1517 Fund,1,1,0,0,0,0,0,0,0
Gradient Ventures,2,2,0,0,0,0,0,0,0
Warmsun Holding,0,1,1,0,0,0,0,0,0
IDG Capital Partners,0,2,1,0,0,0,1,0,0
Softbank Group,0,3,2,0,0,1,0,0,0
Company K Partners,0,1,0,1,0,0,0,0,0
GIC,0,2,0,1,0,0,1,0,0
Volkswagen,0,1,1,0,0,0,0,0,0
Liberty Strategic Capital,1,1,0,0,0,0,0,0,0
Eden Global Partners,1,1,0,0,0,0,0,0,0
MUFG Innovation Partners,0,1,0,0,0,1,0,0,0
China Prosperity Capital,0,1,1,0,0,0,0,0,0
Group 11,1,1,0,0,0,0,0,0,0
SoftBank Group. Monashees+,0,1,1,0,0,0,0,0,0
Credit Suisse,0,1,0,0,0,1,0,0,0
Alta Partners,0,2,0,0,2,0,0,0,0
Questa Capital,0,1,0,0,1,0,0,0,0
Echo Health Ventures,0,1,0,0,1,0,0,0,0
Susquehanna Growth Equity,2,3,0,0,0,1,0,0,0
STORY3 Capital Partners,0,1,1,0,0,0,0,0,0
Female Founders Fund,0,1,0,0,1,0,0,0,0
Oak HC/FT Partners,0,3,0,0,2,1,0,0,0
Wellington Management,0,1,0,0,0,1,0,0,0
Magma Venture Partners,1,1,0,0,0,0,0,0,0
Qumra Capital,1,1,0,0,0,0,0,0,0
Amity Ventures,1,1,0,0,0,0,0,0,0
Redpoint Ventures China,1,2,0,0,0,1,0,0,0
Delta Capital,1,1,0,0,0,0,0,0,0
SOSV,0,2,0,0,1,0,1,0,0
Silver Lake Partners,0,1,0,1,0,0,0,0,0
Boyu Capital,0,2,0,0,0,0,2,0,0
DC Thomson Ventures,0,1,0,0,0,0,1,0,0
Hopu Investment Management,1,2,0,0,0,0,1,0,0
Amazon Industrial Innovation Fund,0,1,1,0,0,0,0,0,0
Parkway VC,0,1,1,0,0,0,0,0,0
Ant Financial Services Group,1,2,1,0,0,0,0,0,0
Foxconn Technology Company,1,1,0,0,0,0,0,0,0
GF Xinde Investment Management Co.,1,2,1,0,0,0,0,0,0
V Star Capital,1,1,0,0,0,0,0,0,0
Haitong Leading Capital Management,1,1,0,0,0,0,0,0,0
Sigma Prime Ventures,1,1,0,0,0,0,0,0,0
AXA Venture Partners,1,1,0,0,0,0,0,0,0
Oriental Fortune Capital,1,1,0,0,0,0,0,0,0
GLP Capital Partners,0,1,1,0,0,0,0,0,0
Guggenheim Investments,0,1,0,1,0,0,0,0,0
Huobi Ventures,1,1,0,0,0,0,0,0,0
Atop Capital,0,1,1,0,0,0,0,0,0
Rakuten Ventures,0,1,0,0,0,0,1,0,0
500 Global,0,2,0,1,0,0,1,0,0
Lightspeed China Partners,0,1,0,0,0,1,0,0,0
Sky9 Capital,0,1,0,0,0,1,0,0,0
Kefa Capital,1,1,0,0,0,0,0,0,0
Dark Horse Technology Group,1,1,0,0,0,0,0,0,0
Sway Ventures,0,1,0,0,0,1,0,0,0
JIC Venture Growth Investments,0,1,0,0,0,1,0,0,0
Sinar Mas Digital Ventures,0,1,0,0,0,1,0,0,0
S3 Ventures,0,1,0,1,0,0,0,0,0
Aker,0,1,1,0,0,0,0,0,0
Activant Capital Group,0,1,1,0,0,0,0,0,0
Alaska Permanent Fund,0,2,1,0,1,0,0,0,0
Yinxinggu Capital,1,1,0,0,0,0,0,0,0
China Everbright Investment Management,1,1,0,0,0,0,0,0,0
Lead Edge Capital,1,1,0,0,0,0,0,0,0
Honeywell Ventures,0,1,1,0,0,0,0,0,0
Prime Movers Lab,0,2,2,0,0,0,0,0,0
Footprint Coalition Ventures,0,1,1,0,0,0,0,0,0
TLV Partners,2,3,0,0,0,0,0,1,0
Legend Star,0,1,0,0,0,0,1,0,0
TAL Education Group,0,1,0,0,0,0,1,0,0
Prologis Ventures,0,1,1,0,0,0,0,0,0
MoreVC,1,2,1,0,0,0,0,0,0
Team8,1,1,0,0,0,0,0,0,0
Kairos HQ,0,1,0,0,0,1,0,0,0
Sageview Capital,1,1,0,0,0,0,0,0,0
Liberty Global Ventures,1,1,0,0,0,0,0,0,0
BAI Capital,0,1,0,0,0,1,0,0,0
Dragonfly Capital,0,1,0,0,0,1,0,0,0
UBS,0,1,0,0,0,1,0,0,0
Jump Crypto,0,1,0,0,0,1,0,0,0
China Investment Corporation,0,1,0,0,1,0,0,0,0
New Horizon Capital,0,1,0,0,0,0,1,0,0
Apollo Global Management,0,1,0,0,0,1,0,0,0
Motive Partners,0,2,0,0,0,2,0,0,0
Fontinalis Partners,0,1,0,0,0,0,1,0,0
Valor Equity Partners,0,1,1,0,0,0,0,0,0
NJF Capital,0,1,0,0,1,0,0,0,0
Cathay Innovation,0,1,0,0,1,0,0,0,0
Soros Fund Management,0,2,0,0,0,2,0,0,0
Lightbank,0,1,0,0,1,0,0,0,0
T. Rowe Associates,0,1,0,0,1,0,0,0,0
Centurium Capital,1,1,0,0,0,0,0,0,0
Cedarlake Capital,1,1,0,0,0,0,0,0,0
Unicom Innovation Venture Capital,1,2,1,0,0,0,0,0,0
DFJ DragonFund,1,1,0,0,0,0,0,0,0
360 Capital Partners,0,1,1,0,0,0,0,0,0
Breega Capital,0,1,1,0,0,0,0,0,0
Viola Ventures,1,2,0,1,0,0,0,0,0
NFX,0,2,0,0,2,0,0,0,0
3x5 Special Opportunity Partners,0,1,1,0,0,0,0,0,0
Material Impact,0,1,1,0,0,0,0,0,0
Rocketship.vc,1,1,0,0,0,0,0,0,0
Wipro Ventures,1,1,0,0,0,0,0,0,0
Tiger Global management,1,1,0,0,0,0,0,0,0
ICONIQ Growth,2,2,0,0,0,0,0,0,0
High-Tech Grunderfonds,1,1,0,0,0,0,0,0,0
Bayern Kapital,1,1,0,0,0,0,0,0,0
Jove Equity Partners,0,1,0,0,1,0,0,0,0
Third Point,1,1,0,0,0,0,0,0,0
Jinfu Investment,0,1,0,0,0,0,1,0,0
Homebrew,0,3,1,0,0,2,0,0,0
DSC Investments,1,1,0,0,0,0,0,0,0
KTB Ventures,1,1,0,0,0,0,0,0,0
Pereg Ventures,1,1,0,0,0,0,0,0,0
1kx,0,1,0,1,0,0,0,0,0
LG Technology Ventures,0,1,0,1,0,0,0,0,0
True Global Ventures,0,1,0,1,0,0,0,0,0
BRM Group,0,1,0,0,0,1,0,0,0
Social Leverage,0,1,0,0,0,1,0,0,0
Presidio Ventures,1,1,0,0,0,0,0,0,0
L Capital Partners,0,1,0,0,0,0,1,0,0
Escala Capital,0,1,0,0,1,0,0,0,0
Cambridge Innovation Capital,0,1,0,0,1,0,0,0,0
LGT Capital Partners,0,1,0,0,1,0,0,0,0
TA Associates,1,2,0,0,0,1,0,0,0
Apax Partners,1,1,0,0,0,0,0,0,0
Rusnano,0,1,1,0,0,0,0,0,0
A&NN,0,1,1,0,0,0,0,0,0
Draper Fisher Jurtson,0,1,0,1,0,0,0,0,0
Venture Highway,0,2,1,0,0,0,1,0,0
Daphni,1,2,0,0,0,0,1,0,0
Walden Catalyst Ventures,1,1,0,0,0,0,0,0,0
TPY Capital,1,1,0,0,0,0,0,0,0
Beijing Shuju Xinrong Fund,0,1,1,0,0,0,0,0,0
Beijing Juneng Hesheng Industry Investment Fund,0,1,1,0,0,0,0,0,0
Hambro Perks,0,1,0,0,0,0,0,0,1
SBI Investment Korea,0,1,0,0,0,0,1,0,0
Partners Investment,0,1,0,0,0,0,1,0,0
SDP Investment,0,1,1,0,0,0,0,0,0
BUILD Capital Partners,0,1,1,0,0,0,0,0,0
Brainchild Holdings,0,1,0,1,0,0,0,0,0
Founder Collective,1,2,0,1,0,0,0,0,0
3G Capital Management,0,1,0,0,0,0,1,0,0
Innova Capital - FIP,0,1,0,0,0,0,1,0,0
Utrust Venture Capital,0,1,1,0,0,0,0,0,0
Piton Capital,0,1,0,0,0,0,1,0,0
Krungsri Finnovate,0,1,1,0,0,0,0,0,0
SCB 10X,0,1,1,0,0,0,0,0,0
eWTP Capital,0,1,1,0,0,0,0,0,0
DT Capital Partners,1,1,0,0,0,0,0,0,0
Boxin Capital,1,1,0,0,0,0,0,0,0
Paladin Capital Group,1,1,0,0,0,0,0,0,0
Go-Ventures,0,1,0,1,0,0,0,0,0
RTP Global,0,1,0,1,0,0,0,0,0
Advancit Capital,0,1,0,0,0,1,0,0,0
JOY Capital,0,1,0,0,0,0,1,0,0
Bnk To The Future,0,1,0,0,0,1,0,0,0
Trammell Ventures,0,1,0,0,0,1,0,0,0
SBI Investment,0,2,0,0,0,2,0,0,0
Kuang-Chi,0,1,1,0,0,0,0,0,0
SAIF Partners,0,1,0,0,0,0,1,0,0
Accel India,0,1,0,0,0,0,1,0,0
Liberty City Ventures,0,2,0,0,0,2,0,0,0
Summer Capital,0,1,0,0,0,1,0,0,0
HOF Capital,1,1,0,0,0,0,0,0,0
Rhone Capital,0,1,1,0,0,0,0,0,0
Owl Ventures,1,2,0,0,0,0,1,0,0
Signal Peak Ventures,1,1,0,0,0,0,0,0,0
Investment Corporation of Dubai,0,2,1,0,0,1,0,0,0
Alexandria Venture Investments,0,2,1,0,1,0,0,0,0
Flagship Pioneering,0,1,1,0,0,0,0,0,0
Ventech China,0,1,0,0,0,1,0,0,0
INGKA Investments,0,1,0,0,0,0,1,0,0
Jungle Ventures,0,3,1,0,0,1,1,0,0
Gemini Israel Ventures,0,1,0,1,0,0,0,0,0
One Peak Partners,1,1,0,0,0,0,0,0,0
SciFi VC,0,1,0,0,0,1,0,0,0
Grayhawk Capital,1,1,0,0,0,0,0,0,0
Artis Ventures,0,1,0,0,1,0,0,0,0
GMO VenturePartners,0,1,0,0,0,1,0,0,0
The Times Group,0,1,0,0,0,1,0,0,0
First Ascent Ventures,0,1,1,0,0,0,0,0,0
Robert Bosch Venture Capital,0,1,1,0,0,0,0,0,0
SeptWolves Ventures,0,1,1,0,0,0,0,0,0
CE-Ventures,0,1,0,0,0,0,1,0,0
BECO Capital,0,1,0,0,0,0,1,0,0
Nordstar,0,1,0,0,0,0,1,0,0
ACE & Company,0,1,0,0,0,0,1,0,0
One Luxury Group,0,1,0,0,0,0,1,0,0
Yuanda Venture Investment,0,1,1,0,0,0,0,0,0
Primitive Forest Holdings Group,0,1,1,0,0,0,0,0,0
Mithril,1,1,0,0,0,0,0,0,0
iNovia Capital,1,1,0,0,0,0,0,0,0
Leta Capital,0,1,1,0,0,0,0,0,0
Point72 Ventures,0,3,1,0,0,2,0,0,0
Pelion Venture Partners,0,2,0,0,0,2,0,0,0
Goldcrest Capital,1,1,0,0,0,0,0,0,0
Thoma Bravo,0,1,0,0,0,1,0,0,0
World Lab Innovation,0,1,0,0,0,0,0,1,0
FTX Ventures,1,1,0,0,0,0,0,0,0
C5 Capital,0,1,1,0,0,0,0,0,0
Hemisphere Ventures,0,1,1,0,0,0,0,0,0
The Venture Collective,0,1,1,0,0,0,0,0,0
HV Capital,0,1,1,0,0,0,0,0,0
CDH Investments,0,2,0,0,0,1,1,0,0
Starr Investment Holdings,0,1,0,0,1,0,0,0,0
Splunk Ventures,1,2,0,0,1,0,0,0,0
Cisco Investments,1,2,0,0,1,0,0,0,0
Siam Commercial Bank,0,1,0,0,0,1,0,0,0
Quantum Energy Partners,0,1,1,0,0,0,0,0,0
BA Capital,0,1,0,0,0,0,1,0,0
Tencent Investment,0,1,0,0,0,0,1,0,0
BEENEXT,1,3,0,0,0,2,0,0,0
Light Street Capital,1,1,0,0,0,0,0,0,0
World Innovation Lab,1,1,0,0,0,0,0,0,0
Third Rock Ventures,0,1,0,0,1,0,0,0,0
Standard Crypto,0,2,0,2,0,0,0,0,0
Kaalari Capital,0,1,0,1,0,0,0,0,0
Steadview Capital,0,1,0,1,0,0,0,0,0
Day One Ventures,0,1,0,0,0,1,0,0,0
Bramalea Partners,0,1,0,0,1,0,0,0,0
Casa Verde Capital,0,1,0,0,0,0,1,0,0
Thrity Five Ventures,0,1,0,0,0,0,1,0,0
Gron Ventures,0,1,0,0,0,0,1,0,0
Kinnevik,2,2,0,0,0,0,0,0,0
Tus Holdings,0,1,1,0,0,0,0,0,0
FAW Group,0,1,1,0,0,0,0,0,0
Magnetar Capital,1,1,0,0,0,0,0,0,0
ES Ventures,1,1,0,0,0,0,0,0,0
North Bridge Growth Equity,1,1,0,0,0,0,0,0,0
QC Capital,0,1,1,0,0,0,0,0,0
QF Capital,0,1,1,0,0,0,0,0,0
Tengelmann Ventures,0,1,0,0,0,1,0,0,0
FTX Venture,1,1,0,0,0,0,0,0,0
Advantech Capital,1,1,0,0,0,0,0,0,0
Temasek Holdings Ltd.,1,1,0,0,0,0,0,0,0
Tiantu Capital Co.,1,1,0,0,0,0,0,0,0
Iconiq Capital,0,1,0,0,0,0,1,0,0
Skip Capital,1,1,0,0,0,0,0,0,0
Ardian,1,2,0,0,0,0,1,0,0
Cobalt Capital,0,1,0,1,0,0,0,0,0
JBV Capital,0,1,0,0,0,0,1,0,0
Array Ventures,0,1,0,0,0,0,1,0,0
Sodexo Ventures,0,1,0,0,0,1,0,0,0
Asset Management Ventures,0,1,0,0,1,0,0,0,0
BNP Paribas,0,1,0,0,0,1,0,0,0
Google,1,3,0,1,0,1,0,0,0
CVS Health Partners,0,1,0,0,1,0,0,0,0
Samsung NEXT,0,1,0,0,1,0,0,0,0
China Broadband Capital,0,1,0,0,0,1,0,0,0
Jiangmen Venture Capital,1,1,0,0,0,0,0,0,0
Contrarian Ventures,1,1,0,0,0,0,0,0,0
Hitachi Ventures 32,1,1,0,0,0,0,0,0,0
Molten Ventures,1,1,0,0,0,0,0,0,0
Teamworthy Ventures,0,1,0,0,0,0,1,0,0
SAIF Partners China,0,2,0,0,0,0,2,0,0
Newsion Venture Capital,0,1,0,0,0,0,1,0,0
Tiantu Capital,0,1,0,0,0,0,1,0,0
China Life Investment Holding Company,0,1,0,0,1,0,0,0,0
Borui Capital,0,1,0,0,0,0,1,0,0
Georgian,1,1,0,0,0,0,0,0,0
BDC Capital,1,1,0,0,0,0,0,0,0
Core Capital Partners,1,1,0,0,0,0,0,0,0
SEED Capital,0,1,0,0,0,1,0,0,0
Socii Capital,0,1,0,0,0,1,0,0,0
Intact Ventures,0,1,0,0,0,0,0,1,0
MoreTech Ventures,1,1,0,0,0,0,0,0,0
Guangzhou Huiyin Aofeng Equity Investment Fund,0,2,1,0,0,1,0,0,0
China Media Group,0,2,1,0,0,1,0,0,0
Walden Venture Capital,0,1,0,0,0,1,0,0,0
TowerBrook Capital Partners,1,1,0,0,0,0,0,0,0
Drive Capital,0,1,0,0,1,0,0,0,0
Kickstart Fund,0,1,0,0,1,0,0,0,0
Coatue Managemeny,0,1,0,0,0,1,0,0,0
Gunosy Capital,0,1,0,0,0,1,0,0,0
Das Capital,0,1,0,0,0,1,0,0,0
Summerhill Venture Partners,0,1,0,0,0,1,0,0,0
Lenovo Capital and Incubator,1,1,0,0,0,0,0,0,0
Group GSR Ventures,1,1,0,0,0,0,0,0,0
Teachers' Venture Growth,0,1,0,0,0,1,0,0,0
rosslink Capital,0,1,0,0,0,1,0,0,0
Alpha Wave Global,0,1,0,0,0,0,1,0,0
Cybernaut Growth Fund,1,1,0,0,0,0,0,0,0
Anthem Venture Partners,1,1,0,0,0,0,0,0,0
Simon Equity Partners,1,1,0,0,0,0,0,0,0
Rethink Impact,0,1,0,0,1,0,0,0,0
Work-Bench,0,1,0,0,1,0,0,0,0
Album VC,1,1,0,0,0,0,0,0,0
AF Ventures,0,1,0,0,0,0,1,0,0
SC.Holdings,0,2,0,0,1,0,1,0,0
Siddhi Capital,0,1,0,0,0,0,1,0,0
Moore Capital Management,1,2,0,0,1,0,0,0,0
Apeiron Investment Group,0,1,0,0,1,0,0,0,0
TI Platform Management,0,1,0,0,1,0,0,0,0
Liberty Gloval Ventures,0,1,1,0,0,0,0,0,0
Jackson Square Ventures,1,3,1,0,1,0,0,0,0
Vulcan Capital,0,1,0,0,0,1,0,0,0
Yabeo Capital,0,1,0,0,0,1,0,0,0
M13,1,2,0,0,0,0,1,0,0
Lone Pine Capital,0,1,0,0,0,0,1,0,0
Madrone Capital Partners,0,1,0,0,1,0,0,0,0
Funa Yuanchuang Technology,0,1,1,0,0,0,0,0,0
Shanghai Puyin Industry,0,1,1,0,0,0,0,0,0
Bualuang Ventures,0,1,0,0,0,0,1,0,0
JMI Equity,0,1,0,0,1,0,0,0,0
Hellman & Friedman,0,1,0,0,1,0,0,0,0
Sunstone Capital,0,1,0,0,0,0,1,0,0
Inflexion Private Equity,0,1,1,0,0,0,0,0,0
Wakefield Group,0,1,1,0,0,0,0,0,0
Puluo Capital,0,1,1,0,0,0,0,0,0
Midea Capital,0,1,1,0,0,0,0,0,0
BaltCap,1,1,0,0,0,0,0,0,0
Davidson Kempner Capital Management,0,1,0,0,0,1,0,0,0
BDT Capital Partners,0,1,0,0,0,1,0,0,0
SEEK,1,1,0,0,0,0,0,0,0
Centralway,0,1,0,0,0,1,0,0,0
4W,0,1,0,0,0,1,0,0,0
ForgeLight,0,1,0,0,0,1,0,0,0
iO Fund,1,1,0,0,0,0,0,0,0
SAP,1,1,0,0,0,0,0,0,0
Launchpad Venture Group,0,1,0,0,0,0,1,0,0
Israel Growth Partners,0,1,0,0,0,0,0,1,0
Jerusalem Venture Partners,0,1,0,0,0,0,0,1,0
Insights Partners,0,1,1,0,0,0,0,0,0
K2 Ventures,0,1,0,0,0,0,1,0,0
JAFCO,0,1,1,0,0,0,0,0,0
Cool Japan Fund,0,1,1,0,0,0,0,0,0
Prometheus Capital,0,1,1,0,0,0,0,0,0
JD Capital Management,0,1,1,0,0,0,0,0,0
Tola Capital,1,1,0,0,0,0,0,0,0
Wildcat Capital Management,1,1,0,0,0,0,0,0,0
VGames,0,1,0,1,0,0,0,0,0
Runa Capital,0,1,0,0,0,1,0,0,0
Acton Capital Partners,0,1,0,0,0,1,0,0,0
Webb Investment Network,0,1,0,0,0,0,1,0,0
HarbourVest Partners,0,1,0,0,0,1,0,0,0
Not Boring Capital,0,1,0,0,1,0,0,0,0
Bolt Ventures,0,1,0,0,1,0,0,0,0
Navitas Capital,0,1,0,0,0,1,0,0,0
Kraken Ventures,0,1,0,0,0,1,0,0,0
Binance Ventures,1,1,0,0,0,0,0,0,0
Placeholder Capital,1,1,0,0,0,0,0,0,0
Huasheng Capital,0,1,0,0,0,1,0,0,0
Airbus Ventures,0,1,1,0,0,0,0,0,0
TTV Capital,0,2,0,0,0,2,0,0,0
Peterson Ventures,0,1,0,0,0,1,0,0,0
BDC Venture Capital,0,1,0,0,0,1,0,0,0
McLaren Strategic Ventures,0,1,0,0,0,1,0,0,0
NextGen Venture Partners,0,1,0,0,0,1,0,0,0
North Bridge Venture Partners,0,1,0,0,0,0,1,0,0
Square Peg Capital,0,2,0,0,0,1,1,0,0
UOB Venture Management,1,1,0,0,0,0,0,0,0
Symbolic Capital,1,1,0,0,0,0,0,0,0
Route 66 Ventures,0,1,0,0,0,1,0,0,0
Ping An Insurance,0,1,0,0,0,0,1,0,0
Better Tomorrow Ventures,0,1,0,0,0,1,0,0,0
Flourish Ventures,0,1,0,0,0,1,0,0,0
Shang Qi Capital,0,1,1,0,0,0,0,0,0
SDIC Innovation Investment Management,0,1,1,0,0,0,0,0,0
Vattenfall,0,1,1,0,0,0,0,0,0
Volkswagen Group,0,1,1,0,0,0,0,0,0
Riverwood Capital,1,2,0,0,0,1,0,0,0
Wamda Capital,1,1,0,0,0,0,0,0,0
Advance Venture Partners,1,1,0,0,0,0,0,0,0
Lupa Systems,1,1,0,0,0,0,0,0,0
DN Capital,0,1,0,0,0,0,1,0,0
China Internet Investment Fund,1,1,0,0,0,0,0,0,0
Shasta Ventures,1,2,0,0,0,0,1,0,0
OrbiMed Advisors,0,1,0,0,1,0,0,0,0
Highland Capital Management,0,1,0,0,1,0,0,0,0
Aspect Ventures,1,1,0,0,0,0,0,0,0
Quona Capital,0,1,0,0,0,1,0,0,0
China Reform Fund,0,1,1,0,0,0,0,0,0
Jinhui Xingye,0,1,1,0,0,0,0,0,0
Gaopeng Capital,0,1,1,0,0,0,0,0,0
Emerge,1,1,0,0,0,0,0,0,0
Vertex Ventures Israel,1,1,0,0,0,0,0,0,0
Bright Venture Capita,0,1,0,0,0,0,1,0,0
CMC Capital Partners,0,1,0,1,0,0,0,0,0
Leaders Fund,1,1,0,0,0,0,0,0,0
Chromo Invest,0,1,1,0,0,0,0,0,0
Expedia Inc.,0,1,0,0,0,0,1,0,0
East Ventures,0,1,0,0,0,0,1,0,0
Portag3 Ventures,0,1,0,0,1,0,0,0,0
Nor-Cal Invest,1,1,0,0,0,0,0,0,0
Ally Bridge Group,0,1,0,0,1,0,0,0,0
3i Group,0,1,0,0,0,0,0,1,0
RRE Ventures+,1,1,0,0,0,0,0,0,0
Green Bay Ventures,1,1,0,0,0,0,0,0,0
Warbug Pincus,0,1,0,0,0,0,1,0,0
Green Innovations,0,1,0,0,1,0,0,0,0
Caterpillar,0,1,1,0,0,0,0,0,0
Revolution,0,1,1,0,0,0,0,0,0
AWZ Ventures,1,1,0,0,0,0,0,0,0
TQ Ventures,0,1,0,1,0,0,0,0,0
I Squared Capital,0,1,1,0,0,0,0,0,0
Walden International,1,1,0,0,0,0,0,0,0
At One Ventures,0,1,1,0,0,0,0,0,0
Trumpf Venture,0,1,1,0,0,0,0,0,0
Endiya Partners,1,1,0,0,0,0,0,0,0
Stakeboat Capital,1,1,0,0,0,0,0,0,0
Gaja Capital Partners,1,1,0,0,0,0,0,0,0
LeapFrog Investments,0,1,0,0,0,1,0,0,0
Variant Fund,0,1,0,0,0,1,0,0,0
A16z Crypto,0,1,0,0,0,1,0,0,0
Phoenix New Media,0,1,0,1,0,0,0,0,0
Tianjin Haihe Industry Fund,0,1,0,1,0,0,0,0,0
Buhuo Venture Capital,0,1,1,0,0,0,0,0,0
o-Stone Venture Capital,0,1,1,0,0,0,0,0,0
Silk Road Huacheng,0,1,1,0,0,0,0,0,0
Oriza Equity Investment,0,1,1,0,0,0,0,0,0
Wanxin Media,0,1,0,0,0,0,1,0,0
China Minsheng Investment,0,1,0,0,0,0,1,0,0
Outrun Ventures,0,1,0,0,0,0,0,1,0
Toscafund Asset Management,0,1,0,0,0,1,0,0,0
Coltrane Asset Management,0,1,0,0,0,1,0,0,0
Clermont Group,0,1,0,0,0,1,0,0,0
Brookfield Asset Management,0,1,0,0,1,0,0,0,0
Geodesic Capital,1,1,0,0,0,0,0,0,0
Blue Lake Capital,0,1,0,0,0,0,1,0,0
Seaya Ventures,0,1,1,0,0,0,0,0,0
Rakuten,0,1,1,0,0,0,0,0,0
Otter Rock Capital,0,1,1,0,0,0,0,0,0
Arbor Ventures,0,1,0,0,0,1,0,0,0
STV,0,1,0,0,0,1,0,0,0
OpenSpace Ventures,0,1,0,0,0,1,0,0,0
Charoen Pokphand Group,0,1,0,0,0,1,0,0,0
Bow Wave Capital,0,1,0,0,0,1,0,0,0
Founders,1,1,0,0,0,0,0,0,0
Compound,0,1,0,1,0,0,0,0,0
SF Holding Co,0,1,0,0,0,0,1,0,0
STO Express,0,1,0,0,0,0,1,0,0
nsight Partners,1,1,0,0,0,0,0,0,0
Globis Capital Partners,0,1,0,1,0,0,0,0,0
Japan Post Capital,0,1,0,1,0,0,0,0,0
Bank Of China Group Investment,0,1,1,0,0,0,0,0,0
MSA Capital,1,1,0,0,0,0,0,0,0
Danhua Capital,1,1,0,0,0,0,0,0,0
DeFi Technologies,1,1,0,0,0,0,0,0,0
Hypersphere Ventures,1,1,0,0,0,0,0,0,0
Plum Alley,0,1,0,0,1,0,0,0,0
Pokemon Company International,0,1,0,1,0,0,0,0,0
Nintendo,0,1,0,1,0,0,0,0,0
Kenetic Capital,0,1,0,0,0,1,0,0,0
Juxtapose,0,1,0,0,0,1,0,0,0
Builders VC,0,1,0,0,0,0,1,0,0
IAG Capital Partners,0,1,0,0,0,1,0,0,0
Augmentum Fintech,0,1,0,0,0,1,0,0,0
Knox Lane,0,1,0,0,0,0,1,0,0
Carlson Private Capital Partners,0,1,0,0,0,0,1,0,0
Ainge Advisory,0,1,0,0,0,0,1,0,0
Griffin Gaming Partners,0,1,0,0,0,0,0,1,0
Amasia,0,1,0,0,0,1,0,0,0
Matrix Partmers,0,1,0,0,0,0,1,0,0
Alibaba Pictures Group,0,1,0,1,0,0,0,0,0
Merieux Equity Partners,0,1,0,0,1,0,0,0,0
Vitruvian Partners,0,1,0,0,1,0,0,0,0
Straumann,0,1,0,0,1,0,0,0,0
